aid,title,reason
625533,discretionary disclosure in financial reporting an examination comparing internal firm data to externally reported segment data,No citations
654387,is us multinational dividend repatriation policy influenced by reporting incentives,No citations
284572,estimating the hidden costs of environmental regulation,No citations
350306,integrated longitudinal employer-employee data for the united states,No citations
961344,"the rise of the gig economy fact """"or"""" fiction",No citations
133650,"SCIENCE, RESEARCH-AND-DEVELOPMENT, AND INVENTION POTENTIAL RECHARGE - UNITED-STATES EVIDENCE",No citations
589994,long-term consequences of vietnam-era conscription new estimates using social security data,No citations
874946,concentrating on the fall of the labor share,No citations
350305,"using ""insider econometrics"" to study productivity",No citations
874932,the expanding gender earnings gap evidence from the lehd 2000 census,No citations
177172,do preferential procurement programs benefit minority business,No citations
233007,examining the employer-size wage premium in the manufacturing retail trade and service industries using employer-employee matched data,No citations
506483,the margins of us trade,No citations
545797,intrafirm trade and product contractibility,No citations
545790,wholesalers and retailers in us trade,No citations
777289,factoryless goods producing firms,No citations
828091,the rapid adoption of data driven decision making,No citations
828128,stem training and early career outcomes of female and male graduate students evidence from umetrics data linked to the 2010 census,No citations
589997,the war at home effects of vietnam era military service on postwar household stability,No citations
634686,recruiting intensity during and after the great recession national and industry evidence,No citations
828104,declining business dynamism what we know and the way forward,No citations
874975,declining dynamism allocative efficiency and the productivity slowdown,No citations
828107,the role of startups in structural transformation,No citations
828083,firm level dispersion in productivity is the devil in the details,No citations
917513,challenges in the measurement of leakage risk,No citations
874982,job to job flows and earnings growth,No citations
233006,productivity differences across employers  the roles of employer size age and human capital,No citations
120423,the toxic intensity of industrial production  global patterns trends and trade policy,No citations
634685,job to job flows in the great recession,No citations
828113,evolution of the marriage earnings gap for women,No citations
680140,immigration and employer transitions for stem workers,No citations
160801,capital structure and product market rivalry  how do we reconcile theory and evidence,No citations
634684,hiring churn and the business cycle,Not in WOS or Misspelling
917515,regulating mismeasured pollution implications of firm heterogeneity for environmental policy,No citations
961339,four years later insurance coverage and access to care continue to diverge between aca medicaid expansion and non expansion states,No citations
874987,the role of firms in gender earnings inequality evidence from the united states,No citations
590015,environmental regulation and labor reallocation evidence from the clean air act,No citations
503349,mergers and acquisitions employment wages and plant closures in the us meat product industries,No citations
213136,innovation and regulation in the pesticide industry,No citations
760757,direct payments cash rents land values and the effects of imputation in us farm level data,Not in WOS or Misspelling
585982,schooling and the vietnam era gi bill evidence from the draft lottery,No citations
631695,reexamining the impact of family planning programs on us fertility evidence from the war on poverty and the early years of title x,No citations
637382,the opt in revolution contraception and the gender gap in wages,No citations
637373,raising the barcode scanner technology and productivity in the retail sector,No citations
502918,the effect of alcohol consumption on mortality regression discontinuity evidence from the minimum drinking age,No citations
547950,us environmental regulation and fdi evidence from a panel of us based multinational firms,No citations
956116,using linked survey and administrative data to better measure income implications for poverty program effectiveness and holes in the safety net,No citations
872339,signing up new fathers do paternity establishment initiatives increase marriage parental investment and child wellbeing,No citations
839188,does early life exposure to cigarette smoke permanently harm childhood welfare evidence from cigarette tax hikes,No citations
937003,supply side drug policy in the presence of substitutes evidence from the introduction of abuse deterrent opioids,No citations
650448,framing social security reform behavioral responses to changes in the full retirement age,No citations
727886,the differential effects of bilateral tax treaties,No citations
502929,domestic effects of the foreign activities of us multinationals,No citations
604878,medicare part d and the financial protection of the elderly,No citations
630426,inertia and over withholding explaining the prevalence of income tax refunds,No citations
975300,randomized safety inspections and risk exposure on the job quasi experimental estimates of the value of a statistical life,No citations
878784,how much can expanding access to long acting reversible contraceptives reduce teen birth rates,No citations
958680,correcting for misreporting of government benefits,No citations
885542,how important are sectoral shocks,No citations
543968,business volatility job destruction and unemployment,No citations
823181,market exposure and endogenous firm volatility over the business cycle,No citations
956564,reconsidering the consequences of worker displacements firm versus worker perspective,No citations
914893,cyclical job ladders by firm size and firm wage,No citations
872349,the effects of the real oil price on regional wage dispersion,No citations
680088,"testing for factor price equality with unobserved differences in factor quality """"or"""" productivity",No citations
744968,mergers and sunk costs an application to the ready mix concrete industry,No citations
953095,an economic analysis of privacy protection and statistical accuracy as social choices,No citations
634715,taxes cigarette consumption and smoking intensity comment,No citations
936372,innovation reallocation and growth,No citations
966679,missing growth from creative destruction,No citations
881732,the margins of global sourcing theory and evidence from us firms,No citations
927407,innovation and production in the global economy,No citations
726468,vertical integration and input flows,No citations
331858,plants and productivity in international trade,No citations
542499,multiple product firms and product switching,No citations
734598,patent laws product life cycle lengths and multinational activity,No citations
647364,reset price inflation and the impact of monetary policy shocks,No citations
297313,the impact of economic conditions on participation in disability programs evidence from the coal boom and bust,No citations
959457,what drives differences in management practices,No citations
198505,an empirical assessment of the proximity concentration trade off between multinational sales and trade,No citations
678383,assessing the incidence and efficiency of a prominent place based policy,No citations
192422,aggregate employment dynamics  building from microeconomic evidence,No citations
775202,reallocation and technology evidence from the us steel industry,No citations
133654,the aggregate implications of machine replacement  theory and evidence,No citations
238985,machine replacement and the business cycle  lumps and bumps,No citations
775262,environmental health risks and housing values evidence from 1 600 toxic plant openings and closings,No citations
747046,private equity jobs and productivity,No citations
631720,information and industry dynamics,No citations
547984,what causes industry agglomeration evidence from coagglomeration patterns,No citations
413932,accounting for the growth of mnc based trade using a structural model of us mncs,No citations
465489,"reallocation firm turnover and efficiency selection on productivity """"or"""" profitability",No citations
676526,the impact of medical liability standards on regional variations in physician behavior evidence from the adoption of national standard rules,No citations
972754,firms internal networks and local economic shocks,No citations
345820,export versus fdi with heterogeneous firms,No citations
180475,effects of air quality regulation,No citations
595584,the impact of regulations on the supply and quality of care in child care markets,No citations
682237,the gravity of knowledge,No citations
350366,workers education spillovers and productivity evidence from plant-level production functions,No citations
830691,the surprisingly swift decline of us manufacturing employment,No citations
940198,why is pollution from us manufacturing declining the roles of environmental regulation productivity and trade,No citations
839215,what can we learn about the effects of food stamps on obesity in the presence of misreporting,No citations
254192,no such thing as a free safe lunch the cost of food safety regulation in the meat industry,No citations
418484,supermarket human resource practices and competition from mass merchandisers,Not in WOS or Misspelling
878817,food and agricultural industries opportunities for improving measurement and reporting,No citations
217222,rural manufacturing on the crest of the wave a count data analysis of technology use,No citations
186181,structural change in meat industries implications for food safety regulation,No citations
254194,scale economies and consolidation in hog slaughter,No citations
287286,scale economies and consolidation in hog slaughter reply,No citations
382819,technology labor wars and producer dynamics explaining consolidation in beef packing,No citations
369218,technological change and economies of scale in us poultry processing,No citations
410782,mergers and acquisitions and productivity in the us meat products industries evidence from the micro data,No citations
842641,employers changing economic incentives to offer health insurance under the affordable care act,No citations
960595,short run effects of parental job loss on child health,No citations
878828,second trimester sunlight and asthma evidence from two independent studies,Not in WOS or Misspelling
177261,employer size and the wage structure in us manufacturing,Not in WOS or Misspelling
339705,ethnicity language and workplace segregation evidence from a new matched employer employee data set,Not in WOS or Misspelling
578780,spatial mismatch immigrant networks and hispanic employment in the united states,Not in WOS or Misspelling
177254,using longitudinal data on establishments to analyze the effects of unio* *ganizing campaigns in the united states,Not in WOS or Misspelling
924203,sorting between and within industries a testable model of assortative matching,Not in WOS or Misspelling
983557,a spatial model of growth relationships and latino owned business,No citations
444081,access to financial capital among us businesses the case of african american firms,No citations
654481,the empirics of firm heterogeneity and international trade,No citations
781390,"productivity """"or"""" demand determinants of plant survival and ownership change in the us poultry industry",No citations
611026,lost jobs and health insurance an analysis of the impact of employment volatility on firm provided health insurance,No citations
566432,information and credit access using bankruptcy as a signal,No citations
468994,parent child bargaining parental transfers and the post secondary education decision,No citations
891394,do volatile firms pay volatile earnings evidence from linked worker firm data,No citations
587551,employer health benefit costs and demand for part time labour,No citations
958141,examining the long term mortality effects of early health shocks,No citations
747120,economic burden and disparities in healthcare resource use among adult patients with cardiac arrhythmia,No citations
666380,recent trends in earnings volatility evidence from survey and administrative data,No citations
571685,heterogeneity and learning in labor markets,No citations
605351,the labor supply consequences of employment limiting social insurance benefits new tests for income effects,No citations
544091,what kind of job is safer a note on occupational vulnerability,No citations
504108,environmental products manufacturing a look inside the green industry,No citations
984226,the effects of occupational licensing evidence from business level data,No citations
703923,fifty years of family planning new evidence on the long run effects of increasing access to contraception,No citations
122693,productivity dynamics in manufacturing plants,No citations
171694,exporters jobs and wages in us manufacturing  1976 1987,No citations
171677,plant level adjustment and aggregate investment dynamics,No citations
110377,wage dispersion between and within us manufacturing plants 1963 86,No citations
104090,the cyclical behavior of the gross flows of us workers comments,Not in WOS or Misspelling
842866,understanding declining fluidity in the us labor market,No citations
104091,the cyclical behavior of the gross flows of us workers comments,Not in WOS or Misspelling
216133,patterns of advanced technology adoption and manufacturing performance,Not in WOS or Misspelling
307736,race and gender differences in business ownership and business turnover,Not in WOS or Misspelling
146825,small business and job creation  dissecting the myth and reassessing the facts,No citations
3650,segmentation in the us labour market its effects on the mobility and earnings of whites and blacks,No citations
634892,markets and the non monotonic relation between productivity and establishment size,No citations
223175,trade liberalization and delocalization new evidence from firm level panel data,No citations
885758,food and beverage television advertising exposure and youth consumption body mass index and adiposity outcomes viewpoint,Not in WOS or Misspelling
517716,tariff effects on mnc decisions to engage in intra firm and arms length trade,No citations
813053,product quality and firm heterogeneity in international trade,No citations
233166,information technology and its impact on productivity firm level evidence from government and private data sources 1977 1993,No citations
200915,technology and jobs secular changes and cyclical dynamics,No citations
922977,conflicting transfer pricing incentives and the role of coordination,No citations
728305,"a warm embrace """"or"""" the cold shoulder wage and employment outcomes in ethnic enclaves",No citations
966757,race matters income shares income inequality and income mobility for all us races,No citations
901820,second generation outcomes of the great migration,No citations
752436,workplace concentration of immigrants,No citations
960055,educational disparities in adult mortality across us states how do they differ and have they changed since the mid 1980s,No citations
826373,joining leaving and staying in the american indian/alaska native race category between 2000 and 2010,No citations
901810,the methuselah effect the pernicious impact of unreported deaths on old age mortality estimates,No citations
737733,residential mobility across local areas in the united states and the geographic distribution of the healthy population,No citations
969955,predicting the effect of adding a citizenship question to the 2020 census,No citations
347449,self care why do parents leave their children unsupervised,No citations
642931,the long term effects of military conscription on mortality estimates from the vietnam era draft lottery,No citations
796867,the long term health implications of marital disruption divorce work limits and social security disability benefits among men,No citations
680688,gender and the neighborhood location of mixed race couples,No citations
875301,america s churning races race and ethnicity response changes between census 2000 and the 2010 census,No citations
711623,the effect of school quality on black white health differences evidence from segregated southern schools,No citations
737732,the location of displaced new orleans residents in the year after hurricane katrina,No citations
656582,segregation through the lens of housing unit transition what roles do the prior residents the local micro neighborhood and the broader neighborhood play,No citations
937701,cigarette smoking and all cause and cause specific adult mortality in the united states,No citations
942953,interstate migration and employer to employer transitions in the united states new evidence from administrative records data,No citations
329154,why poverty remains high the role of income growth economic inequality and changes in family structure 1949 1999,No citations
737747,more than one million new american indians in 2000 who are they,No citations
875315,job changing and the decline in long distance migration in the united states,No citations
347445,welfare reform and female headship,No citations
954936,the timing of teenage births estimating the effect on high school graduation and later life outcomes,No citations
611320,local environmental regulation and plant level productivity,No citations
381273,pollution abatement expenditures and plant level productivity a production function approach,No citations
701358,amenity values of proximity to national wildlife refuges an analysis of urban residential property values,No citations
231315,grandfather regulations new source bias and state air toxics regulations,No citations
777488,pollution havens and the trade in toxic chemicals evidence from us trade flows,No citations
966768,understanding the micro determinants of defensive behaviors against pollution,No citations
930572,really uncertain business cycles,No citations
688648,demand fluctuations in the ready mix concrete industry,No citations
982497,how destructive is innovation,No citations
183089,the dynamics of productivity in the telecommunications equipment industry,No citations
919062,evaluating the impact of manufacturing extension services on establishment performance,No citations
479346,crimes impact on the survival prospects of young urban small businesses,No citations
466699,participation in export markets and productivity of plants in los angeles 19871997,Not in WOS or Misspelling
879142,urban immigrant diversity and inclusive institutions,No citations
605692,regional industrial structure concentration in the united states trends and implications,No citations
444493,geography and the immigrant division of labor,No citations
92729,export performance and state industrial growth,No citations
352154,regional income inequality and international trade,No citations
347536,access to work the effects of spatial and social accessibility on unemployment for native born black and immigrant women in los angeles,No citations
868209,using the pareto distribution to improve estimates of topcoded earnings,No citations
376636,it and productivity in us manufacturing do computer networks matter,No citations
726658,surviving credit market competition,No citations
711799,parental earnings and children s well being an analysis of the survey of income and program participation matched to social security administration earnings data,No citations
174807,estimating capital efficiency schedules within production functions,No citations
984220,multiregional firms and region switching in the us manufacturing sector,No citations
868198,intellectual property protection and the industrial composition of multinational activity,No citations
106954,the impact of r&d investment on productivity new evidence using linked r&d lrd data,No citations
511607,reaching for the stars who pays for talent in innovative industries,No citations
442011,does employment protection reduce productivity evidence from us states,No citations
344886,whats driving the new economy the benefits of workplace innovation,No citations
486779,energy prices and the adoption of energy saving technology,No citations
48499,effects of worker attitudes on production costs and the value of capital input,No citations
920277,is regulation to blame for the decline in american entrepreneurship,No citations
376659,technological evolution as creative destruction of process heterogeneity evidence from us plant level data,Not in WOS or Misspelling
159997,wages employment structure and employer size wage premia their relationship to advanced technology usage at us manufacturing establishments,No citations
826492,the slow growth of new plants learning about demand,No citations
431709,the dynamics of worker reallocation within and across industries,No citations
726670,food prices and body fatness among youths,No citations
559762,improving imputations of top incomes in the public use current population survey by using both cell means and variances,No citations
280291,gross employment flows in us coal mining,No citations
651269,evaluating estimates of materials offshoring from us manufacturing,No citations
300481,immigrant status race and institutional choice in higher education,No citations
921441,are states winning the fight evidence on the impact of state laws on bullying in schools,No citations
224353,the effect of technology use on productivity growth,Not in WOS or Misspelling
353675,information technology investment and firm performance in us retail trade,Not in WOS or Misspelling
307952,an option value approach to technology adoption in us manufacturing evidence from microdata,Not in WOS or Misspelling
692782,linking investment spikes and productivity growth,No citations
969229,measuring plant level energy efficiency and technical change in the us metal based durable manufacturing sector using stochastic frontier analysis,No citations
469547,estimating plant level energy efficiency with a stochastic frontier,No citations
974258,the impacts of lower natural gas prices on jobs in the us manufacturing sector,No citations
896717,creating linked datasets for sme energy assessment evidence building results from the us industrial assessment center program,No citations
616394,the performance of industrial sector voluntary climate programs climate wise and 1605(b),No citations
831400,taxation corruption and growth,No citations
230280,spatial evolution of the computer industry in the usa,No citations
962891,host country financial development and multinational activity,No citations
831399,where has all the skewness gone the decline in high growth (young) firms in the us,No citations
915310,the rise of exporting by us firms,No citations
984263,entry and exit of manufacturing plants over the business cycle,No citations
179414,output price markups and producer size,No citations
693043,offshoring wages and employment theory and evidence,No citations
788168,the paradox of progress the emergence of wage discrimination in us manufacturing,No citations
490626,professional employer organizations what are they who uses them and why should we care,Not in WOS or Misspelling
758937,black white differences in intergenerational economic mobility in the united states,Not in WOS or Misspelling
439788,dividend policy inside the multinational firm,No citations
784944,associations between soda prices and intake evidence from 24 h dietary recall data,No citations
685689,industrial structure and the sources of agglomeration economies evidence from manufacturing plant production,No citations
142007,the influence of location on productivity  manufacturing technology in rural and urban areas,No citations
474605,international trade and the changing demand for skilled workers in high tech manufacturing,No citations
590578,"does procedure profitability impact whether an outpatient surgery is performed at an ambulatory surgery center """"or"""" hospital",No citations
657243,health service use among the previously uninsured is subsidized health insurance enough,No citations
782318,nonlinear effects of soda taxes on consumption and weight outcomes,No citations
831705,copayments and emergency department use among adult medicaid enrollees,No citations
974439,how do economic downturns affect the mental health of children evidence from the national health interview survey,No citations
875863,heterogeneity in smokers responses to tobacco control policies,No citations
701875,the effect of medical malpractice liability on rate of referrals received by specialist physicians,No citations
961840,the consequences of long term unemployment evidence from linked survey and administrative data,No citations
813242,impacts of unionization on quality and productivity regression discontinuity evidence from nursing homes,No citations
879645,what businesses attract unions unionization over the life cycle of us establishments,No citations
979541,measuring job creation growth and survival among the universe of startups in the united states using a combined startup panel data set,No citations
938562,the poverty reduction of social security and means tested transfers,No citations
704497,how firms respond to business cycles the role of firm age and firm size,No citations
984229,the great recession and a missing generation of exporters,No citations
981478,startups job creation and founder characteristics,No citations
201795,firm performance and evolution  empirical regularities in the us microdata,Not in WOS or Misspelling
218927,beyond the incidence of employer provided training,No citations
590645,labor market rigidities and the employment behavior of older workers,No citations
279018,do high performance work practices improve establishment level outcomes,No citations
465271,are franchises bad employers,No citations
211845,sex segregation in us manufacturing,No citations
431070,families human capital and small business evidence from the characteristics of business owners survey,No citations
375492,the declining effects of osha inspections on manufacturing injuries 1979 1998,No citations
349230,escaping low earnings the role of employer characteristics and changes,No citations
49319,worker attitudes worker behavior and productivity in the us automobile industry 1959 1976,No citations
740788,offshoring and the polarization of the us labor market,No citations
652162,decomposing the sources of earnings inequality assessing the role of reallocation,No citations
343965,how workers fare when employers innovate,No citations
346375,why do employers retrain at risk workers the role of social capital,No citations
970974,vulnerable jobs and the wage effects of import competition,No citations
372031,the last american shoe manufacturers decreasing productivity and increasing profits in the shift from piece rates to continuous flow production,No citations
433274,"us multinational activity abroad and us jobs substitutes """"or"""" complements",No citations
685819,manufacturing plants use of temporary workers an analysis using census microdata,No citations
834140,firm level monopsony and the gender pay gap,No citations
302429,silicon mountains silicon molehills geographic concentration and convergence of internet industries in the us,No citations
419526,unstable inferences an examination of complex survey sample design adjustments using the current population survey for health services research,No citations
385745,the effect of schip expansions on health insurance decisions by employers,No citations
494643,does managed care improve access to care for medicaid beneficiaries with disabilities a national study,No citations
453690,individual health insurance within the family can subsidies promote family coverage,No citations
937973,medicaid and the labor supply of single mothers implications for health care reform,No citations
877529,plant exit and us imports from low wage countries,Not in WOS or Misspelling
673556,the task composition of offshoring by us multinationals,Not in WOS or Misspelling
317685,employer offers private coverage and the tax subsidy for health insurance 1987 and 1996,Not in WOS or Misspelling
294595,employer contribution methods and health insurance premiums does managed competition work,Not in WOS or Misspelling
401228,employer choices of family premium sharing,Not in WOS or Misspelling
592931,premium growth and its effect on employer sponsored insurance,No citations
980378,the impact of medicaid expansion on employer provision of health insurance,No citations
886850,the availability and marginal costs of dependent employer sponsored health insurance,No citations
897150,the impact of health insurance expansion on physician treatment choice medicare part d and physician prescribing,No citations
756495,estimating the impact of low income universal service programs,No citations
929600,competition productivity and survival of grocery stores in the great depression,No citations
377023,exit from regional manufacturing markets the role of entrant experience,No citations
660363,strategic alliance as a response to the threat of entry evidence from airline codesharing,No citations
273958,the impact of ownership changes a view from labor markets,No citations
883538,the distributional consequences of preferential trade liberalization firm level evidence,No citations
803839,the influence of firm global supply chains and foreign currency undervaluations on us trade disputes,No citations
889840,winners and losers in international trade the effects on us presidential voting,No citations
406610,is there really an export wage premium a case study of los angeles using matched employee employer data,No citations
549172,tariffs versus anti dumping duties,No citations
375643,alcohol drugs and violent crime,No citations
670576,persistent interindustry wage differences rent sharing and opportunity costs,Not in WOS or Misspelling
718639,the plant lifecycle of the average wage of employees in us manufacturing,Not in WOS or Misspelling
718638,the recent decline in employment dynamics,Not in WOS or Misspelling
515613,measuring network effects on trade a reexamination,No citations
974630,made in the usa a study of firm responses to domestic production incentives,No citations
706790,location of decision rights within multinational firms,No citations
332817,neighbourhood effects and housing demand,No citations
877667,import competition from and offshoring to low income countries implications for employment and wages at us domestic manufacturers,No citations
373241,the sensitivity of economic statistics to coding errors in personal identifiers,No citations
966124,modeling endogenous mobility in earnings determination,No citations
440252,using worker flows to measure firm dynamics,No citations
628878,employer to employer flows in the united states estimates using linked employer employee data,No citations
364259,the measurement of medicaid coverage in the sipp evidence from a comparison of matched records,No citations
201239,on measuring segregation in samples with small units,No citations
772775,"multiple imputation of missing """"or"""" faulty values under linear constraints",No citations
179583,nonresponse bias and business turnover rates  the case of the characteristics of business owners survey,No citations
100298,small area estimation of economic statistics,No citations
159049,establishment microdata for economic research and policy analysis  looking beyond the aggregates,No citations
251193,the contribution of establishment births and deaths to employment growth,No citations
542039,it and beyond the contribution of heterogeneous capital to productivity,No citations
515753,the impact of hurricanes katrina rita and wilma on business establishments,Not in WOS or Misspelling
984221,who files for personal bankruptcy in the united states,No citations
902970,the relationship between the school breakfast program and food insecurity,No citations
981612,was television responsible for a new generation of smokers,No citations
745863,the effects of corporate spin offs on productivity,No citations
907848,career concerns and the busy life of the young ceo,No citations
593475,national estimates of gross employment and job flows from the quarterly workforce indicators with demographic and industry detail,No citations
351179,why do employers pay for college,No citations
467541,the work disincentive effects of the disability insurance program in the 1990s,No citations
897384,misclassification in binary choice models,No citations
390998,a change of pace comparing the 1994 and 1999 pollution abatement costs and expenditures surveys,Not in WOS or Misspelling
493258,consistent cell means for top coded incomes in the public use march cps (1976 2007),Not in WOS or Misspelling
268496,survey attrition considerations in the medical expenditure panel survey,Not in WOS or Misspelling
712747,occupation inflation in the current population survey,Not in WOS or Misspelling
911029,the annual survey of entrepreneurs,Not in WOS or Misspelling
753837,computer networks and productivity revisited does plant size matter evidence and implications,Not in WOS or Misspelling
412354,using census business data to augment the mepsic,Not in WOS or Misspelling
140123,manufacturing establishments reclassified into new industries the effect of survey design rules,Not in WOS or Misspelling
227747,the manufacturing plant ownership change database  its construction and usefulness,Not in WOS or Misspelling
493259,capital energy substitution revisited new evidence from micro data,Not in WOS or Misspelling
665832,a concordance between ten digit us harmonized system codes and sic/naics product classes and industries,Not in WOS or Misspelling
383771,hierarchical sorting and learning costs theory and evidence from the law,No citations
660669,learning about the nature of production from equilibrium assignment patterns,No citations
123815,industrial de diversification and its consequences for productivity,No citations
741197,the role of asset testing in public health insurance reform,No citations
941345,a model of entry exit and plant level dynamics over the business cycle,No citations
445159,initial conditions at emancipation the long run effect on black white wealth and earnings inequality,No citations
945376,taken by storm business financing and survival in the aftermath of hurricane katrina,No citations
922073,spillovers from immigrant diversity in cities,No citations
555006,clusters and entrepreneurship,No citations
306900,agglomeration economies and productivity differences in us cities,No citations
400422,technological variety technological change and a geography of production techniques,No citations
751119,railroad expansion and industrialization evidence from meiji japan,No citations
607328,estimating trends in us income inequality using the current population survey the importance of controlling for censoring,No citations
655277,the reverse wage gap among educated white and black women,No citations
736016,does the retirement consumption puzzle differ across the distribution,No citations
920720,global firms,No citations
442874,firms in international trade,No citations
729662,fluctuations in uncertainty,No citations
412469,the flow approach to labor markets new data sources and micro macro links,No citations
738617,the role of entrepreneurship in us job creation and economic dynamism,No citations
917816,new perspectives on the decline of us manufacturing employment,No citations
871949,the new life cycle of women s employment disappearing humps sagging middles expanding tops,No citations
588790,offshoring bias in us manufacturing,No citations
871950,specialization then and now marriage children and the gender earnings gap across cohorts,No citations
738618,entrepreneurship as experimentation,No citations
795435,household surveys in crisis,No citations
597062,internal migration in the united states,No citations
933182,economic policies with endogenous entry and exit of plants,Not in WOS or Misspelling
305963,the market for tornado safety analysis of applications to the oklahoma safe room initiative,Not in WOS or Misspelling
326465,startup financing owner characteristics and survival,Not in WOS or Misspelling
467703,analysis of young neighborhood firms serving urban minority clients,No citations
645091,"supersize it the growth of retail chains and the rise of the ""big box"" store",No citations
902985,customer employee substitution evidence from gasoline stations,No citations
759633,labor regulations and european venture capital,No citations
876219,taking the leap the determinants of entrepreneurs hiring their first employee,No citations
518951,local industrial conditions and entrepreneurship how much of the spatial distribution can we explain,No citations
934388,business dynamics of innovating firms linking us patents with administrative data on workers and firms,No citations
965233,brighter prospects assessing the franchise advantage using census data,No citations
736059,delegation in multi establishment firms evidence from it purchasing,Not in WOS or Misspelling
377256,air pollution abatement costs under the clean air act evidence from the pace survey,No citations
707056,do environmental regulations disproportionately affect small businesses evidence from the pollution abatement costs and expenditures survey,No citations
238244,the impact of environmental constraints on productivity improvement in integrated paper plants,No citations
751202,"evidence of an ""energy management gap"" in us manufacturing spillovers from firm management practices to energy efficiency",No citations
970321,when do environmental regulations backfire onsite industrial electricity generation energy efficiency and policy instruments,No citations
887156,the effect of environmental regulation on plant level product mix a study of epas cluster rule,Not in WOS or Misspelling
686665,does cleanup of hazardous waste sites raise housing values evidence of spatially localized benefits,No citations
333006,plant vintage technology and environmental regulation,No citations
746073,do epa regulations affect labor demand evidence from the pulp and paper industry,No citations
800988,an integrated model of regional and local residential sorting with application to air quality,No citations
300995,jobs versus the environment an industry level perspective,No citations
351268,job creation and persistence in services and manufacturing,No citations
945392,the impact of bank credit on labor reallocation and aggregate industry productivity,No citations
962531,asset allocation in bankruptcy,No citations
884067,finance and growth at the firm level evidence from sba loans,No citations
358554,a multinational perspective on capital structure choice and internal capital markets,No citations
597181,watch what i do not what i say the unintended consequences of the homeland investment act,No citations
795496,capital and labor reallocation within firms,No citations
741276,broad based employee stock ownership motives and outcomes,No citations
219026,asset efficiency and reallocation decisions of bankrupt firms,No citations
289554,the market for corporate assets who engages in mergers and asset sales and are there efficiency gains,No citations
299221,do conglomerate firms allocate resources inefficiently across industries theory and evidence,No citations
470436,the industry life cycle acquisitions and investment does firm organization matter,No citations
699834,private and public merger waves,No citations
660826,on the life cycle dynamics of venture capital and non venture capital financed firms,No citations
310284,effects of corporate diversification on productivity,No citations
345366,"diversification discount """"or"""" premium new evidence from the business information tracking series",No citations
485471,the real determinants of asset sales,No citations
923528,product market characteristics and the choice between ipos and acquisitions,No citations
918538,the option to quit the effect of employee stock options on turnover,No citations
971116,bankruptcy spillovers,No citations
600895,ipo waves product market competition and the going public decision theory and evidence,No citations
925839,flexible prices and leverage,No citations
365242,the costs of shared ownership evidence from international joint ventures,No citations
480348,capital structure with risky foreign investment,No citations
880296,the us listing gap,No citations
959123,the cross section of labor leverage and equity returns,No citations
850022,taxes and leverage at multinational corporations,No citations
451943,why do firms hold so much cash a tax based explanation,No citations
984260,the effect of repatriation tax costs on us multinational investment,No citations
524197,democratizing entry banking deregulations financing constraints and entrepreneurship,No citations
686728,productivity restructuring and the gains from takeovers,No citations
105290,the effects of leveraged buyouts on productivity and related aspects of firm behavior,No citations
607477,post merger restructuring and the boundaries of the firm,No citations
729833,crises and confidence systemic banking crises and depositor behavior,No citations
736101,who works for startups the relation between firm age employee age and growth,No citations
782744,female leadership and gender equity evidence from plant closure,No citations
825225,the long term impacts of medicaid exposure in early childhood evidence from the programs origin,No citations
984276,local food prices snap purchasing power and child health,No citations
634070,the medical care costs of obesity an instrumental variables approach,No citations
491262,has public health insurance for older children reduced disparities in access to care and health outcomes,No citations
614911,school quality and the education health relationship evidence from blacks in segregated schools,No citations
917078,do medical marijuana laws reduce addictions and deaths related to pain killers,No citations
447972,do food stamps cause obesity evidence from immigrant experience,No citations
383936,the demand for dependent health insurance how important is the cost of family coverage,No citations
976866,disease outbreaks healthcare utilization and on time immunization in the first year of life,No citations
374450,an empirical investigation of the determinants of street homelessness,No citations
729921,do housing choice voucher holders live near good schools,No citations
982741,has falling crime invited gentrification,No citations
475083,location location location the 3l approach to house price determination,No citations
465338,intergenerational economic mobility in the united states 1940 to 2000,No citations
855380,"saying ""i dont"" the effect of the affordable care act young adult provision on marriage",Not in WOS or Misspelling
103018,new data bases in human resources  the characteristics of business owners data base,Not in WOS or Misspelling
166027,gender segregation in small firms,No citations
378901,relative deprivation poor health habits and mortality,No citations
645342,revising our thinking about the relationship between maternal labor supply and preschool,No citations
297933,market forces and sex discrimination,No citations
508132,partially identifying treatment effects with an application to covering the uninsured,No citations
275653,are children worse off evaluating well being using a new (and improved) measure of poverty,No citations
844463,saving teens using a policy discontinuity to estimate the effects of medicaid eligibility,No citations
976273,the long term effects of early life medicaid coverage,No citations
962027,the effects of aggregate and gender specific labor demand shocks on child health,No citations
297935,racial matching among african american and hispanic physicians and patients,No citations
563515,are college graduates more responsive to distant labor market opportunities,No citations
597232,learning by doing and market structure,No citations
792167,change at the checkout tracing the impact of a process innovation,No citations
789183,cross sectoral variation in the volatility of plant level idiosyncratic shocks,No citations
454050,advances in logistics and the growth of intra firm trade the case of canadian affiliates of us multinationals 1984 1995,No citations
213980,environmental regulation investment timing and technology choice,No citations
445299,prices spatial competition and heterogeneous producers an empirical test,No citations
489402,trade in high tech services,No citations
897618,managing valuable knowledge in weak ip protection countries,No citations
841170,the impact of information and communication technology adoption on multinational firm boundary decisions,No citations
257484,do world product mandates really matter,No citations
897619,patent protection and the composition of multinational activity evidence from us multinational firms,No citations
195359,exporters skill upgrading and the wage gap,No citations
230336,"exceptional exporter performance cause effect """"or"""" both",No citations
398255,survival of the best fit exposure to low wage countries and the (uneven) growth of us manufacturing plants,No citations
679367,are all trade protection policies created equal empirical evidence for nonequivalent market power effects of tariffs and quotas,No citations
588992,does intellectual property rights reform spur industrial development,No citations
984240,diversification cost structure and the risk premium of multinational corporations,No citations
965318,the tradability of services geographic concentration and trade costs,No citations
697088,product and process productivity implications for quality choice and conditional exporter premia,No citations
792190,export prices of us firms,No citations
653160,exports borders distance and plant size,No citations
844528,buyer seller relationships in international trade do your neighbors matter,No citations
823395,importing exporting and firm level employment volatility,No citations
908681,pirates treasure,No citations
855435,tariff pass through firm heterogeneity and product quality,No citations
887301,domestic gains from offshoring evidence from taa linked us microdata,No citations
645403,export versus fdi and the communication of complex information,No citations
614962,plant level responses to anti dumping duties evidence from us manufacturers,Not in WOS or Misspelling
943621,investment responses to trade liberalization evidence from us industries and establishments,No citations
823388,intra firm trade and vertical fragmentation in us multinational corporations,Not in WOS or Misspelling
552438,the effects of offshoring on the elasticity of labor demand,No citations
516137,firm heterogeneity and the structure of us multinational activity,No citations
754190,there will be exports and licensing the effects of patent rights and innovation on firm sales,No citations
984212,earnings inequality and mobility trends in the united states nationally representative estimates from longitudinally linked employeremployee data,Not in WOS or Misspelling
690333,exploring differences in employment between household and establishment data,No citations
973157,local labor markets in canada and the united states,No citations
834838,its where you work increases in the dispersion of earnings across establishments and individuals in the united states,Not in WOS or Misspelling
984209,augmenting the human capital earnings equation with measures of where people work,No citations
984216,new evidence on sex segregation and sex differences in wages from matched employee employer data,No citations
212026,inter firm segregation and the black/white wage gap,Not in WOS or Misspelling
301126,nondiscrimination rules and the distribution of fringe benefits,No citations
87702,plant turnover and gross employment flows in the us manufacturing sector,No citations
984217,wage and productivity dispersion in united states manufacturing the role of computer investment,No citations
440553,why are black owned businesses less successful than white owned businesses the role of families inheritances and business human capital,No citations
542903,preschoolers enrolled and mothers at work the effects of universal prekindergarten,No citations
825259,"reallocation in the great recession cleansing """"or"""" not",No citations
690324,wage premia in employment clusters how important is worker heterogeneity,No citations
984213,who moves up the job ladder,No citations
234797,wages productivity and worker characteristics evidence from plant level production functions and wage equations,No citations
610222,neighbors and coworkers the importance of residential labor market networks,No citations
175662,managerial tenure business age and small business turnover,No citations
984210,firm performance and the volatility of worker earnings,No citations
792217,skilled immigration and the employment structures of us firms,No citations
780867,job referral networks and the determination of earnings in local labor markets,No citations
754207,do as the neighbors do examining the effect of residential neighborhoods on labor market outcomes,No citations
841199,disconnected geography a spatial analysis of disconnected youth in the united states,No citations
534257,older workers access to employer sponsored retiree health insurance 2000 2006,No citations
959141,differences in self employment duration by year of entry and pre entry wage sector attachment,No citations
632740,changes in firm pension policy trends away from traditional defined benefit plans,No citations
657932,workers unions and takeovers,No citations
119664,the relationships among acquiring and acquired firms product lines,No citations
984286,debtor protection and business dynamism,No citations
89093,firm entry and post entry performance in the us chemical industries,Not in WOS or Misspelling
435720,managerial leverage is limited by the extent of the market hierarchies specialization and the utilization of lawyers human capital,No citations
103064,the effect of ownership changes on the employment and wages of central office and other personnel,No citations
119665,the extent and nature of establishment level diversification in sixteen us manufacturing industries,Not in WOS or Misspelling
184823,the dynamic adjustment process of firm entry and exit in manufacturing and finance insurance and real estate,No citations
521630,specialization firms and markets the division of labor within and between law firms,No citations
852743,the returns to knowledge hierarchies,No citations
922285,older and slower the startup deficits lasting effects on aggregate productivity growth,No citations
409669,trade costs firms and productivity,No citations
315477,learning by doing and aggregate fluctuations,No citations
286691,sectoral job creation and destruction responses to oil price changes,No citations
632760,labor market flows in the cross section and over time,No citations
852827,the rise and fall of unions in the united states,No citations
405264,capital reallocation and liquidity,No citations
454151,"new """"or"""" used investment with credit constraints",No citations
959152,trading down and the business cycle,No citations
971209,heads i win tails you lose asymmetric taxes risk taking and innovation,No citations
962059,local labor demand and program participation dynamics evidence from new york snap administrative records,No citations
346749,the impact of state enterprise zones on urban manufacturing establishments,No citations
956380,the effect of lower transaction costs on social security disability insurance application rates and participation,No citations
230359,evaluating the impact of manufacturing extension on productivity growth,No citations
524373,trade liberalization in textiles policy effects in an import competing industry,No citations
827388,transition to clean technology,No citations
933628,growth through heterogeneous innovations,No citations
748431,dynamic inputs and resource (mis)allocation,No citations
137769,decomposing learning by doing in new plants,No citations
448086,a unified framework for measuring preferences for schools and neighborhoods,No citations
493399,place of work and place of residence informal hiring networks and labor market outcomes,No citations
252640,effects of air quality regulations on polluting industries,No citations
331338,enjoying the quiet life corporate governance and managerial preferences,No citations
982814,trouble in the tails what we know about earnings non response thirty years after lillard smith and welch,Not in WOS or Misspelling
971241,state taxation and the reallocation of business activity evidence from establishment level data,No citations
310363,the impacts of environmental regulations on industrial activity evidence from the 1970 and 1977 clean air act amendments and the census of manufactures,No citations
555302,identifying agglomeration spillovers evidence from winners and losers of large plant openings,No citations
164212,on the turnover of business firms and business managers,No citations
374496,the location of sales offices and the attraction of cities,No citations
741381,an alternative theory of the plant size distribution with geography and intra and international trade,No citations
435790,cementing relationships vertical integration foreclosure productivity and prices,No citations
941396,slow to hire quick to fire employment dynamics with asymmetric responses to news,No citations
884341,every breath you take every dollar you'll make the long term consequences of the clean air act of 1970,No citations
454180,"chutes """"or"""" ladders a longitudinal analysis of immigrant earnings",No citations
358749,market structure and productivity a concrete example,No citations
929976,planning parenthood the affordable care act young adult provision and pathways to fertility,No citations
519150,determinants of business success an examination of asian owned businesses in the usa,No citations
984235,producer price dispersion real output and the analysis of production,Not in WOS or Misspelling
212924,productivity dynamics us manufacturing plants 1972 1986,No citations
222487,the workweek of capital and capital utilization in manufacturing,No citations
428402,assessing multidimensional performance environmental and economic outcomes,Not in WOS or Misspelling
984227,measuring total factor productivity technical change and the rate of returns to research and development,Not in WOS or Misspelling
570319,did vietnam veterans get sicker in the 1990s the complicated effects of military service on self reported health,No citations
661067,tiebout sorting and neighborhood stratification,No citations
272857,environmental regulation and labor demand evidence from the south coast air basin,No citations
331357,does the availability of high wage jobs for low skilled men affect welfare expenditures evidence from shocks to the steel and coal industries,No citations
369023,public insurance and child hospitalizations access and efficiency effects,No citations
354194,foreign direct investment in a world of multiple taxes,No citations
399430,the demand for tax haven operations,No citations
730107,house prices and birth rates the impact of the real estate market on the decision to have a baby,No citations
560960,you can take it with you proposition 13 tax benefits residential mobility and willingness to pay for housing amenities,No citations
917881,the mortality effects of retirement evidence from social security eligibility at age 62,No citations
847976,does medical malpractice law improve health care quality,No citations
594170,matched fundraising evidence from a natural field experiment,No citations
382156,adverse selection in health insurance markets evidence from state small group health insurance reforms,No citations
275808,city quality of life dynamics measuring the costs of growth,No citations
257587,the census of construction industries database,Not in WOS or Misspelling
683803,does employing undocumented workers give firms a competitive advantage,No citations
433878,the environmental performance of polluting plants a spatial analysis,No citations
262218,smog reductions impact on california county growth,No citations
746319,does firm ownership affect spillover opportunities evidence from chinese manufacturing,No citations
919584,the role of agents and brokers in the market for health insurance,No citations
700062,industrial concentration of ethnic minority and women owned businesses evidence from the survey of business owners in the united states,Not in WOS or Misspelling
852934,talent recruitment and firm performance the business of major league sports,No citations
470841,measuring us innovative activity business data at the us census bureau,No citations
470842,the survey of industrial r&d patent database link project,No citations
288089,moment estimation with attrition an application to economic models,No citations
563691,using dna fingerprints to infer familial relationships within nhanes iii households,No citations
807612,simultaneous edit imputation for continuous microdata,No citations
984234,iterative automated record linkage using mixture models,No citations
741430,materials prices and productivity,No citations
550015,banking deregulations financing constraints and firm entry size,No citations
417570,offshoring foreign direct investment and the structure of us trade,No citations
290584,the relative importance of employer and employee effects on compensation a comparison of france and the united states,No citations
586806,measuring inequality using censored data a multiple imputation approach to estimation and inference,No citations
917135,structural versus ethnic dimensions of housing segregation,No citations
353045,the impact of geographic differences in human capital on service firm formation rates,No citations
942655,race specific urban wage premia and the black white wage gap,No citations
431346,cities matching and the productivity gains of agglomeration,No citations
751413,does state preschool crowd out private provision the impact of universal preschool on the childcare sector in oklahoma and georgia,No citations
356991,what drives racial segregation new evidence using census microdata,No citations
295176,why do gay men live in san francisco,No citations
473248,when are ghettos bad lessons from immigrant segregation in the united states,No citations
302980,the impact of school characteristics on house prices chicago 1987 1991,No citations
343353,the determinants of homelessness and the targeting of housing assistance,No citations
832544,the urban density premium across establishments,No citations
487820,job hopping earnings dynamics and industrial agglomeration in the software publishing industry,No citations
431345,smart cafe cities testing human capital externalities in the boston metropolitan area,No citations
542961,clusters of entrepreneurship,No citations
542959,"mom and pop meet big box complements """"or"""" substitutes",No citations
485826,"spatial mismatch """"or"""" racial mismatch",No citations
730190,do labor market networks have an important spatial dimension,No citations
979789,labor market networks and recovery from mass layoffs evidence from the great recession period,No citations
322125,marshalls scale economies,No citations
470924,where do manufacturing firms locate their headquarters,No citations
466103,interactions neighborhood selection and housing demand,No citations
244653,the silver lining of rust belt manufacturing decline,No citations
957953,do institutions determine economic geography evidence from the concentration of foreign suppliers,No citations
485824,geographic redistribution of us manufacturing and the role of state development policy,No citations
547326,who gentrifies low income neighborhoods,No citations
326537,outsourcing business services and the role of central administrative offices,No citations
345503,firm inventory behavior and the returns from highway infrastructure investments,No citations
589172,adoption and termination of employee involvement programs,No citations
984223,labor reallocation employment and earnings vector auto regression evidence,Not in WOS or Misspelling
754565,a comparison of upward and downward intergenerational mobility in canada sweden and the united states,No citations
516416,"explaining cyclical movements in employment creative destruction """"or"""" changes in utilization",No citations
440805,wages productivity and the dynamic interaction of businesses and workers,No citations
897830,trends in earnings inequality and earnings instability among us couples how important is assortative matching,No citations
841493,the shifting job tenure distribution,No citations
884626,the recent decline of single quarter jobs,No citations
789478,firm market power and the earnings distribution,No citations
485854,wage differentials in the presence of unobserved worker firm and match heterogeneity,No citations
586846,on spatial heterogeneity in environmental compliance costs,No citations
236005,the cost of water pollution regulation in the pulp and paper industry,No citations
259490,estimating the demand for air quality in four us cities,No citations
858500,spatial organization of firms and location choices through the value chain,No citations
984237,new plant venture performance differences among incumbent diversifying and entrepreneurial firms the impact of industry learning intensity,No citations
951438,screening spin outs how non compete enforceability affects the creation growth and survival of new firms,Not in WOS or Misspelling
789526,global sourcing and foreign knowledge seeking,No citations
984222,a general interindustry relatedness index,No citations
697268,ethnic innovation and us multinational firm activity,No citations
792632,do market leaders lead in business process innovation the case(s) of e business adoption,No citations
984231,diversification diseconomies of scope and vertical contracting evidence from the taxicab industry,No citations
984225,why are employer sponsored health insurance premiums higher in the public sector than in the private sector,No citations
532713,using internal cps data to reevaluate trends in labor earnings gaps,No citations
641652,the declining average size of establishments evidence and explanations,No citations
694651,high employment growth firms defining and counting them,No citations
499030,wage and productivity stability in us manufacturing plants,No citations
773510,measuring the distribution of wages in the united states from 1996 through 2010 using the occupational employment survey,No citations
256109,the characteristics of small business employees,No citations
898018,the impact of business cycles on job mobility,No citations
789605,accounting for income changes over the great recession relative to previous recessions the impact of taxes and transfers,No citations
288145,repatriation taxes and dividend distortions,No citations
653729,estimating local redistribution through property tax funded public school systems,No citations
884754,carbon tax competitiveness concerns assessing a best practices carbon credit,No citations
848207,do doubled up families minimize household level tax burden,No citations
900857,the eitc over the great recession who benefited,No citations
984233,income effects on maternal labor supply evidence from child related tax benefits,No citations
316797,unlocking the information in integrated social data,Not in WOS or Misspelling
388112,international licensing and the strengthening of intellectual property rights in developing countries during the 1990s,Not in WOS or Misspelling
505786,matching reallocation and changes in earnings dispersion,No citations
358915,exporting and productivity in the usa,No citations
187191,the choice of an input output table embedded in regional econometric input output models,No citations
309043,coverage of the population in census 2000 results from demographic analysis,No citations
917243,neighborhood concentrated disadvantage and adult mortality insights for racial and ethnic differences,No citations
604176,will they stay foreign born out migration from new us destinations,No citations
388153,population trends in metropolitan and nonmetropolitan america selective deconcentration and the rural rebound,No citations
872991,black white disparities in adult mortality implications of differential record linkage for understanding the mortality crossover,No citations
786445,mandating prescription contraception coverage effects on contraception consumption and preventive health services,No citations
361508,transitions in welfare participation and female headship,No citations
984236,relationship between season of birth temperature exposure and later life wellbeing,No citations
916246,tuskegee and the health of black men,No citations
522085,multinational firms fdi flows and imperfect capital markets,No citations
982364,how wide is the firm border,No citations
221842,implications of skill biased technological change international evidence,No citations
608329,multiproduct firms and trade liberalization,No citations
982907,firming up inequality,No citations
401814,do stronger intellectual property rights increase international technology transfer empirical evidence from us firm level panel data,No citations
124689,gross job creation gross job destruction and employment reallocation,No citations
719023,the establishment level behavior of vacancies and hiring,No citations
361558,economic impacts of new unionization on private sector employers 19842001,Not in WOS or Misspelling
193379,workers wages and technology,No citations
89491,the growth and failure of us manufacturing plants,No citations
748894,public health insurance labor supply and employment lock,No citations
719029,proximity and investment evidence from plant level data,No citations
874533,firm leverage consumer demand and employment losses during the great recession,No citations
527684,misallocation and manufacturing tfp in china and india,No citations
748901,the life cycle of plants in india and mexico,No citations
982913,consequences of the clean water act and the demand for water quality,No citations
604229,immigration skill mix and capital skill complementarity,No citations
591203,the real costs of credit access evidence from the payday lending market,No citations
941458,ranking firms using revealed preference,No citations
719048,the transitional costs of sectoral reallocation evidence from the clean air act and the workforce,No citations
594749,the efficiency of internal capital markets evidence from the annual capital expenditure survey,No citations
454608,spatial organization of firms the decision to split production and administration,No citations
185114,bounding the effects of r&d  an investigation using matched establishment firm data,No citations
77500,patterns of firm entry and exit in us manufacturing industries,No citations
151607,plant age and technology use in us manufacturing industries,No citations
710590,entry exit and the determinants of market structure,No citations
151604,learning by doing and competition in the early rayon industry,No citations
161666,on the productivity and plant ownership change  new evidence from the longitudinal research database,No citations
808203,"building new plants """"or"""" entering by acquisition firm heterogeneity and entry barriers in the us cement industry",No citations
961094,the micro elasticity of substitution and non neutral technology,No citations
841772,do homeowners mark to market a comparison of self reported and estimated market home values during the housing boom and bust,No citations
431372,do local tax incentives affect economic growth what mean impacts miss in the analysis of enterprise zone policies,No citations
486058,the agglomeration of headquarters,No citations
630240,regional industrial structure and agglomeration economies an analysis of productivity in three manufacturing industries,No citations
594755,how low income neighborhoods change entry exit and enhancement,No citations
272879,a flexible test for agglomeration economies in two us manufacturing industries,No citations
848428,the effects of negative house price changes on migration evidence across us housing downturns,No citations
679679,small homes public schools and property tax capitalization,No citations
984218,the dynamics of house price responsiveness and locational sorting evidence from air quality changes,No citations
594763,who moves to mixed income neighborhoods,No citations
432453,market thickness and outsourcing services,No citations
874559,externalities of public housing the effect of public housing demolitions on local crime,No citations
296018,the determinants of regional variation in new firm formation,No citations
793064,an evaluation of competitive industrial structure and regional manufacturing employment change,No citations
351596,international trade employment and earnings evidence from us rural counties,No citations
885015,cities immigrant diversity and complex problem solving,No citations
755055,clusters convergence and economic performance,No citations
789843,new linked data on research investments scientific workforce productivity and public value,No citations
475624,the economic forces driving food safety quality in meat and poultry,No citations
513609,the direct and indirect costs of food safety regulation,No citations
845154,spillovers in local banking markets,No citations
524980,the industry lifecycle of the size distribution of firms,Not in WOS or Misspelling
979887,who works for whom worker sorting in a model of entrepreneurship with heterogeneous labor markets,No citations
228768,capital adjustment patterns in manufacturing plants,No citations
228769,technology locks creative destruction and nonconvergence in productivity levels,No citations
587099,the impact of plant level resource reallocations and technical progress on us macroeconomic growth,No citations
342789,quantifying embodied technological change,No citations
926486,"dutch disease """"or"""" agglomeration the local economic effects of natural resource booms in modern america",No citations
486108,networking off madison avenue,No citations
319793,productivity dynamics with technology choice an application to automobile assembly,No citations
407331,on the nature of capital adjustment costs,No citations
901116,the determinants of quality specialization,No citations
885072,technology and production fragmentation domestic versus foreign sourcing,No citations
468475,an assignment theory of foreign direct investment,No citations
719549,the proximity concentration tradeoff under uncertainty,No citations
710686,estimating measurement error in annual job earnings a comparison of survey and administrative data,No citations
241066,the structure of firm r&d the factor intensity of production and skill bias,No citations
503901,abortion and selection,No citations
928830,job displacement and the duration of joblessness the role of spatial mismatch,No citations
452436,do alternative opportunities matter the role of female labor markets in the decline of teacher quality,No citations
279711,labor productivity structural change and cyclical dynamics,No citations
587118,what happens when firms patent new evidence from us economic census data,No citations
218086,a comparison of job creation and job destruction in canada and the united states,No citations
755125,forecasting aggregate productivity using information from firm level data,No citations
103557,entrepreneur human capital inputs and small business longevity,No citations
236094,the effects of general inflation and idiosyncratic cost shocks on within commodity price dispersion evidence from microdata,No citations
279718,environmental regulation and productivity evidence from oil refineries,No citations
349964,why some firms export,No citations
438557,firm structure multinationals and manufacturing plant deaths,No citations
279712,how to compete the impact of workplace practices and information technology on productivity,No citations
687492,"are children ""normal""",No citations
804915,us multinationals and preferential market access,No citations
963174,input linkages and the transmission of shocks firm level evidence from the 2011 tohoku earthquake,No citations
641860,recent trends in top income shares in the united states reconciling estimates from march cps and irs tax return data,No citations
481060,is the melting pot still hot explaining the resurgence of immigrant segregation,No citations
705476,electricity unit value prices and purchase quantities us manufacturing plants 1963 2000,No citations
612892,the effect of power plants on local housing values and rents,No citations
830196,trade credit and taxes,No citations
299779,geographic concentration as a dynamic process,No citations
112849,the duration of employment opportunities in us manufacturing,No citations
755114,estimating the impact of trade and offshoring on american workers using the current population surveys,No citations
641862,liquidity economic activity and mortality,No citations
276175,us canada trade liberalization and mnc production location,No citations
418025,market selection reallocation and restructuring in the us retail trade sector in the 1990s,No citations
789913,entrepreneurship and urban growth an empirical assessment with historical mines,No citations
112861,a generalized index of diversification trends in us manufacturing,No citations
691231,who creates jobs small versus large versus young,No citations
391539,vertical production networks in multinational firms,No citations
604368,offshoring jobs multinationals and us manufacturing employment,No citations
481059,workplace segregation in the united states race ethnicity and skill,No citations
333843,intranational home bias some explanations,No citations
122184,r&d reactions to high technology import competition,Not in WOS or Misspelling
276864,the impact of vintage and survival on productivity evidence from cohorts of us manufacturing plants,No citations
928836,childhood medicaid coverage and later life health care utilization,No citations
942147,male earnings marriageable men and non marital fertility evidence from the fracking boom,Not in WOS or Misspelling
524996,multinational enterprises international trade and productivity growth firm level evidence from the united states,No citations
804917,agglomerative forces and cluster shapes,No citations
587114,the effect of changes in the us wage structure on recent immigrants earnings,No citations
380795,fortunate sons new estimates of intergenerational mobility in the united states using social security earnings data,No citations
285949,the cost of environmental protection,No citations
931954,imputation in us manufacturing data and its implications for productivity dispersion,No citations
349962,product substitutability and productivity dispersion,No citations
233805,evidence on the employer size wage premium from worker establishment matched data,No citations
333811,the role of skill endowments in the structure of us outward foreign direct investment,No citations
214203,the missing link  technology investment and productivity,No citations
741803,do going private transactions affect plant efficiency and investment,No citations
798608,the real effects of hedge fund activism productivity asset allocation and labor outcomes,No citations
550545,the going public decision and the product market,No citations
615699,how does venture capital financing improve efficiency in private firms a look beneath the surface,No citations
415616,capital controls liberalizations and foreign direct investment,No citations
491907,financial constraints and growth multinational and local firm responses to currency depreciations,No citations
508798,leasing ability to repossess and debt capacity,No citations
199597,capital structure and product market behavior  an examination of plant exit and investment decisions,No citations
786752,does financing spur small business productivity evidence from a natural experiment,No citations
333847,real flexibility and financial structure an empirical analysis,No citations
941536,spillovers from costly credit,No citations
984230,grownup business cycles,Not in WOS or Misspelling
793176,the bright side of corporate diversification evidence from internal labor markets,No citations
898344,do managers give hometown labor an edge,No citations
506037,using the p90/p10 index to measure us inequality trends with current population survey data a view from inside the census bureau vaults,No citations
206237,primary versus secondary production techniques in us manufacturing,No citations
475649,investment behavior of us firms over heterogeneous capital goods a snapshot,No citations
197369,the pin factory revisited product diversification and productivity growth,No citations
355924,entry expansion and intensity in the us export boom 1987 1992,Not in WOS or Misspelling
919839,identifying foreign suppliers in us import data,No citations
222563,labor productivity and wages in rural and urban manufacturing plants,Not in WOS or Misspelling
633093,north south models of intellectual property rights an empirical critique,No citations
984232,weathering the great recession variation in employment responses by establishments and countries,No citations
867316,selection and specialization in the evolution of marriage earnings gaps,Not in WOS or Misspelling
531127,products and productivity,No citations
371468,the winners curse of human capital,No citations
182833,"downsizing and productivity growth  myth """"or"""" reality",No citations
351798,small north american producers give ground in the 1990s,No citations
170432,a comparison of franchise and independent small business survival rates,No citations
245360,exiting self employment an analysis of asian immigrant owned small businesses,Not in WOS or Misspelling
200714,counting the self employed using household and business sample data,No citations
529261,gender differences in business performance evidence from the characteristics of business owners survey,No citations
326852,redefining business success distinguishing between closure and failure,No citations
303321,returns to scale in small and large us manufacturing establishments further evidence,No citations
984228,returns to scale in small and large us manufacturing establishments,No citations
131681,factor substitution in small and large us manufacturing establishments  197782,Not in WOS or Misspelling
232452,factor substitution in us manufacturing  does plant size matter,No citations
232451,the demography of business closings,No citations
777042,transnational activities of immigrant owned firms and their performances in the usa,No citations
820810,suicide in the city do characteristics of place really influence risk,No citations
351832,fertility changes among immigrants generations neighborhoods and personal characteristics,No citations
810793,the relationship between state welfare rules and economic disconnection among low income single mothers,No citations
869112,the impact of the acas extension of coverage to dependents on young adults access to care and prescription drugs,Not in WOS or Misspelling
757933,levels and trends in us income and its distribution a crosswalk from market income towards a comprehensive haigsimons income approach,Not in WOS or Misspelling
138430,decomposing technical change,No citations
944772,when it rains it pours under what circumstances does job loss lead to divorce,No citations
940674,effect of stress on later life health evidence from the vietnam war draft,No citations
109975,a note on ownership and performance in manufacturing firms,No citations
146233,unionism and gross employment flows,No citations
343456,the impact of minimum wages on job training an empirical exploration with establishment data,No citations
370157,transitions from welfare and the employment prospects of low skill workers,No citations
983516,how do local labor markets and human capital affect employment outcomes after job loss,No citations
744607,synthetic establishment data origins and introduction to current research,Not in WOS or Misspelling
931247,assimilation and coverage of the foreign born population in administrative records,Not in WOS or Misspelling
744611,a first step towards a german synlbd constructing a german longitudinal business database,Not in WOS or Misspelling
931246,when race and hispanic origin reporting are discrepant across administrative records and third party sources exploring methods to assign responses,Not in WOS or Misspelling
948670,evaluating race and hispanic origin responses of medicaid participants using census data,Not in WOS or Misspelling
744608,expanding the role of synthetic data at the us census bureau,Not in WOS or Misspelling
744609,looking back on three years of using the synthetic lbd beta,Not in WOS or Misspelling
827880,using partially synthetic microdata to protect sensitive cells in business statistics,Not in WOS or Misspelling
595232,structural change and industrial classification,Not in WOS or Misspelling
984219,earnings inequality and coordination costs evidence from us law firms,Not in WOS or Misspelling
339113,what determines environmental performance at paper mills the roles of abatement spending regulation and efficiency,Not in WOS or Misspelling
312025,tracing the sources of local external economies,No citations
715087,"why do higher income households choose low income neighbourhoods pioneering """"or"""" thrift",No citations
359203,the impact of violence surges on neighbourhood business activity,No citations
568710,"what is the ""neighbourhood"" in neighbourhood satisfaction comparing the effects of structural characteristics measured at the micro neighbourhood and tract levels",No citations
238897,multinationals production efficiency and spillover effects the case of the us auto parts industry,No citations
202727,formal and informal regulation of industrial pollution comparative evidence from indonesia and the united states,No citations
504007,factor prices factor substitution and exporting in us manufacturing affiliates abroad,No citations
818813,cheap imports and the loss of us manufacturing jobs,No citations
787217,origin of foreign direct investment and firm performance evidence from foreign acquisitions of chinese domestic firms,No citations
984119,trade liberalisation and labour shares in china,No citations
